{
  "user-response": {
    "orderID": 1,
    "coffee_machine_id": 1,
    "status": 0,
    "status-message": "Your coffee has been prepared with your desired options."
  }
}
{
  "user-response": {
    "orderID": 2,
    "coffee_machine_id": 2,
    "status": 1,
    "status-message": "Your coffee order has been cancelled.",
    "error-message": "Out of milk, drink cancelled."
  }
}
{
  "user-response": {
    "orderID": 3,
    "coffee_machine_id": 1,
    "status": 1,
    "status-message": "Your coffee order has been cancelled.",
    "error-message": "Machine jammed."
  }
}
